_id,deviceId,unit,line,modelName,operation,guauge=50,height=pValue,diameter=pValue,surfaceArea=pValue
ObjectId(5b31d56560f5c07ba21c0b0d),f60f6f09c53c47e788ee0955bb7d5331,unit-1,line2,2LtrCooker,heat-treatment,,,,
ObjectId(5b31d56660f5c07ba21c0b0e),f60f6f09c53c47e788ee0955bb7d5331,unit-1,line2,2LtrCooker,heat-treatment,,,,
ObjectId(5b31d56860f5c07ba21c0b0f),f60f6f09c53c47e788ee0955bb7d5331,unit-1,line2,2LtrCooker,heat-treatment,,,,
ObjectId(5b31d56860f5c07ba21c0b10),f60f6f09c53c47e788ee0955bb7d5331,unit-1,line2,2LtrCooker,heat-treatment,,,,
ObjectId(5b31d56960f5c07ba21c0b11),f60f6f09c53c47e788ee0955bb7d5331,unit-1,line2,2LtrCooker,heat-treatment,,,,
ObjectId(5b31d56a60f5c07ba21c0b12),f60f6f09c53c47e788ee0955bb7d5331,unit-1,line2,2LtrCooker,heat-treatment,,,,
ObjectId(5b31d56a60f5c07ba21c0b13),f60f6f09c53c47e788ee0955bb7d5331,unit-1,line2,2LtrCooker,heat-treatment,,,,
ObjectId(5b31d56b60f5c07ba21c0b14),f60f6f09c53c47e788ee0955bb7d5331,unit-1,line2,2LtrCooker,heat-treatment,,,,
ObjectId(5b31d56c60f5c07ba21c0b15),f60f6f09c53c47e788ee0955bb7d5331,unit-1,line2,2LtrCooker,heat-treatment,,,,
ObjectId(5b31d56d60f5c07ba21c0b16),f60f6f09c53c47e788ee0955bb7d5331,unit-1,line2,2LtrCooker,heat-treatment,,,,
ObjectId(5b31d56e60f5c07ba21c0b17),f60f6f09c53c47e788ee0955bb7d5331,unit-1,line2,2LtrCooker,heat-treatment,,,,
ObjectId(5b31d56e60f5c07ba21c0b18),f60f6f09c53c47e788ee0955bb7d5331,unit-1,line2,2LtrCooker,heat-treatment,,,,
ObjectId(5b31d56f60f5c07ba21c0b19),f60f6f09c53c47e788ee0955bb7d5331,unit-1,line2,2LtrCooker,heat-treatment,,,,
ObjectId(5b31d57060f5c07ba21c0b1a),f60f6f09c53c47e788ee0955bb7d5331,unit-1,line2,2LtrCooker,heat-treatment,,,,
ObjectId(5b31d57160f5c07ba21c0b1b),f60f6f09c53c47e788ee0955bb7d5331,unit-1,line2,2LtrCooker,heat-treatment,,,,
ObjectId(5b31d57260f5c07ba21c0b1c),f60f6f09c53c47e788ee0955bb7d5331,unit-1,line2,2LtrCooker,heat-treatment,,,,
ObjectId(5b31d57260f5c07ba21c0b1d),f60f6f09c53c47e788ee0955bb7d5331,unit-1,line2,2LtrCooker,heat-treatment,,,,
ObjectId(5b31d57360f5c07ba21c0b1e),f60f6f09c53c47e788ee0955bb7d5331,unit-1,line2,2LtrCooker,heat-treatment,,,,
ObjectId(5b31d57460f5c07ba21c0b1f),f60f6f09c53c47e788ee0955bb7d5331,unit-1,line2,2LtrCooker,heat-treatment,,,,
ObjectId(5b31d57560f5c07ba21c0b20),f60f6f09c53c47e788ee0955bb7d5331,unit-1,line2,2LtrCooker,heat-treatment,,,,
ObjectId(5b31d57760f5c07ba21c0b21),f60f6f09c53c47e788ee0955bb7d5331,unit-1,line2,2LtrCooker,heat-treatment,,,,
ObjectId(5b31d57860f5c07ba21c0b22),f60f6f09c53c47e788ee0955bb7d5331,unit-1,line2,2LtrCooker,heat-treatment,,,,
ObjectId(5b31d57960f5c07ba21c0b23),f60f6f09c53c47e788ee0955bb7d5331,unit-1,line2,2LtrCooker,heat-treatment,,,,
ObjectId(5b31d57a60f5c07ba21c0b24),f60f6f09c53c47e788ee0955bb7d5331,unit-1,line2,2LtrCooker,heat-treatment,,,,
ObjectId(5b31d57a60f5c07ba21c0b25),f60f6f09c53c47e788ee0955bb7d5331,unit-1,line2,2LtrCooker,heat-treatment,,,,
ObjectId(5b31d57b60f5c07ba21c0b26),f60f6f09c53c47e788ee0955bb7d5331,unit-1,line2,2LtrCooker,heat-treatment,,,,
ObjectId(5b31d57c60f5c07ba21c0b27),f60f6f09c53c47e788ee0955bb7d5331,unit-1,line2,2LtrCooker,heat-treatment,,,,
ObjectId(5b31d57d60f5c07ba21c0b28),f60f6f09c53c47e788ee0955bb7d5331,unit-1,line2,2LtrCooker,heat-treatment,,,,
ObjectId(5b31d57e60f5c07ba21c0b29),f60f6f09c53c47e788ee0955bb7d5331,unit-1,line2,2LtrCooker,heat-treatment,,,,
ObjectId(5b31d57e60f5c07ba21c0b2a),f60f6f09c53c47e788ee0955bb7d5331,unit-1,line2,2LtrCooker,heat-treatment,,,,
ObjectId(5b31d57f60f5c07ba21c0b2b),f60f6f09c53c47e788ee0955bb7d5331,unit-1,line2,2LtrCooker,heat-treatment,,,,
ObjectId(5b31d58060f5c07ba21c0b2c),f60f6f09c53c47e788ee0955bb7d5331,unit-1,line2,2LtrCooker,heat-treatment,,,,
ObjectId(5b31d58160f5c07ba21c0b2d),f60f6f09c53c47e788ee0955bb7d5331,unit-1,line2,2LtrCooker,heat-treatment,,,,
ObjectId(5b31d58260f5c07ba21c0b2e),f60f6f09c53c47e788ee0955bb7d5331,unit-1,line2,2LtrCooker,heat-treatment,,,,
ObjectId(5b31d58260f5c07ba21c0b2f),f60f6f09c53c47e788ee0955bb7d5331,unit-1,line2,2LtrCooker,heat-treatment,,,,
ObjectId(5b31d58360f5c07ba21c0b30),f60f6f09c53c47e788ee0955bb7d5331,unit-1,line2,2LtrCooker,heat-treatment,,,,
ObjectId(5b31d58460f5c07ba21c0b31),f60f6f09c53c47e788ee0955bb7d5331,unit-1,line2,2LtrCooker,heat-treatment,,,,
ObjectId(5b31d58560f5c07ba21c0b32),f60f6f09c53c47e788ee0955bb7d5331,unit-1,line2,2LtrCooker,heat-treatment,,,,
ObjectId(5b31d58660f5c07ba21c0b33),f60f6f09c53c47e788ee0955bb7d5331,unit-1,line2,2LtrCooker,heat-treatment,,,,
ObjectId(5b31d58660f5c07ba21c0b34),f60f6f09c53c47e788ee0955bb7d5331,unit-1,line2,2LtrCooker,heat-treatment,,,,
ObjectId(5b31d58760f5c07ba21c0b35),f60f6f09c53c47e788ee0955bb7d5331,unit-1,line2,2LtrCooker,heat-treatment,,,,
ObjectId(5b31d58860f5c07ba21c0b36),f60f6f09c53c47e788ee0955bb7d5331,unit-1,line2,2LtrCooker,heat-treatment,,,,
ObjectId(5b31d58960f5c07ba21c0b37),f60f6f09c53c47e788ee0955bb7d5331,unit-1,line2,2LtrCooker,heat-treatment,,,,
ObjectId(5b31d58a60f5c07ba21c0b38),f60f6f09c53c47e788ee0955bb7d5331,unit-1,line2,2LtrCooker,heat-treatment,,,,
ObjectId(5b31d58a60f5c07ba21c0b39),f60f6f09c53c47e788ee0955bb7d5331,unit-1,line2,2LtrCooker,heat-treatment,,,,
ObjectId(5b31d58b60f5c07ba21c0b3a),f60f6f09c53c47e788ee0955bb7d5331,unit-1,line2,2LtrCooker,heat-treatment,,,,
ObjectId(5b31d58c60f5c07ba21c0b3b),f60f6f09c53c47e788ee0955bb7d5331,unit-1,line2,2LtrCooker,heat-treatment,,,,
ObjectId(5b31d58d60f5c07ba21c0b3c),f60f6f09c53c47e788ee0955bb7d5331,unit-1,line2,2LtrCooker,heat-treatment,,,,
ObjectId(5b31d58e60f5c07ba21c0b3d),f60f6f09c53c47e788ee0955bb7d5331,unit-1,line2,2LtrCooker,heat-treatment,,,,
ObjectId(5b31d58e60f5c07ba21c0b3e),f60f6f09c53c47e788ee0955bb7d5331,unit-1,line2,2LtrCooker,heat-treatment,,,,
ObjectId(5b31d58f60f5c07ba21c0b3f),f60f6f09c53c47e788ee0955bb7d5331,unit-1,line2,2LtrCooker,heat-treatment,,,,
ObjectId(5b31d59060f5c07ba21c0b40),f60f6f09c53c47e788ee0955bb7d5331,unit-1,line2,2LtrCooker,heat-treatment,,,,
ObjectId(5b31d59160f5c07ba21c0b41),f60f6f09c53c47e788ee0955bb7d5331,unit-1,line2,2LtrCooker,heat-treatment,,,,
ObjectId(5b31d59260f5c07ba21c0b42),f60f6f09c53c47e788ee0955bb7d5331,unit-1,line2,2LtrCooker,heat-treatment,,,,
ObjectId(5b31d59260f5c07ba21c0b43),f60f6f09c53c47e788ee0955bb7d5331,unit-1,line2,2LtrCooker,heat-treatment,,,,
ObjectId(5b31d59360f5c07ba21c0b44),f60f6f09c53c47e788ee0955bb7d5331,unit-1,line2,2LtrCooker,heat-treatment,,,,
ObjectId(5b31d59460f5c07ba21c0b45),f60f6f09c53c47e788ee0955bb7d5331,unit-1,line2,2LtrCooker,heat-treatment,,,,
ObjectId(5b31d59560f5c07ba21c0b46),f60f6f09c53c47e788ee0955bb7d5331,unit-1,line2,2LtrCooker,heat-treatment,,,,
ObjectId(5b31d59660f5c07ba21c0b47),f60f6f09c53c47e788ee0955bb7d5331,unit-1,line2,2LtrCooker,heat-treatment,,,,
ObjectId(5b31d59760f5c07ba21c0b48),f60f6f09c53c47e788ee0955bb7d5331,unit-1,line2,2LtrCooker,heat-treatment,,,,
ObjectId(5b31d59760f5c07ba21c0b49),f60f6f09c53c47e788ee0955bb7d5331,unit-1,line2,2LtrCooker,heat-treatment,,,,
ObjectId(5b31d59860f5c07ba21c0b4a),f60f6f09c53c47e788ee0955bb7d5331,unit-1,line2,2LtrCooker,heat-treatment,,,,
ObjectId(5b31d59960f5c07ba21c0b4b),f60f6f09c53c47e788ee0955bb7d5331,unit-1,line2,2LtrCooker,heat-treatment,,,,
ObjectId(5b31d59a60f5c07ba21c0b4c),f60f6f09c53c47e788ee0955bb7d5331,unit-1,line2,2LtrCooker,heat-treatment,,,,
ObjectId(5b31d59a60f5c07ba21c0b4d),f60f6f09c53c47e788ee0955bb7d5331,unit-1,line2,2LtrCooker,heat-treatment,,,,
ObjectId(5b31d59b60f5c07ba21c0b4e),f60f6f09c53c47e788ee0955bb7d5331,unit-1,line2,2LtrCooker,heat-treatment,,,,
ObjectId(5b31d59c60f5c07ba21c0b4f),f60f6f09c53c47e788ee0955bb7d5331,unit-1,line2,2LtrCooker,heat-treatment,,,,
ObjectId(5b31d59d60f5c07ba21c0b50),f60f6f09c53c47e788ee0955bb7d5331,unit-1,line2,2LtrCooker,heat-treatment,,,,
ObjectId(5b31d59e60f5c07ba21c0b51),f60f6f09c53c47e788ee0955bb7d5331,unit-1,line2,2LtrCooker,heat-treatment,,,,
ObjectId(5b31d59e60f5c07ba21c0b52),f60f6f09c53c47e788ee0955bb7d5331,unit-1,line2,2LtrCooker,heat-treatment,,,,
ObjectId(5b31d59f60f5c07ba21c0b53),f60f6f09c53c47e788ee0955bb7d5331,unit-1,line2,2LtrCooker,heat-treatment,,,,
ObjectId(5b31d5a060f5c07ba21c0b54),f60f6f09c53c47e788ee0955bb7d5331,unit-1,line2,2LtrCooker,heat-treatment,,,,
ObjectId(5b31d5a160f5c07ba21c0b55),f60f6f09c53c47e788ee0955bb7d5331,unit-1,line2,2LtrCooker,heat-treatment,,,,
ObjectId(5b31d5a260f5c07ba21c0b56),f60f6f09c53c47e788ee0955bb7d5331,unit-1,line2,2LtrCooker,heat-treatment,,,,
ObjectId(5b31d5a260f5c07ba21c0b57),f60f6f09c53c47e788ee0955bb7d5331,unit-1,line2,2LtrCooker,heat-treatment,,,,
ObjectId(5b31d5a360f5c07ba21c0b58),f60f6f09c53c47e788ee0955bb7d5331,unit-1,line2,2LtrCooker,heat-treatment,,,,
ObjectId(5b31d5a460f5c07ba21c0b59),f60f6f09c53c47e788ee0955bb7d5331,unit-1,line2,2LtrCooker,heat-treatment,,,,
ObjectId(5b31d5a560f5c07ba21c0b5a),f60f6f09c53c47e788ee0955bb7d5331,unit-1,line2,2LtrCooker,heat-treatment,,,,
ObjectId(5b31d5a660f5c07ba21c0b5b),f60f6f09c53c47e788ee0955bb7d5331,unit-1,line2,2LtrCooker,heat-treatment,,,,
ObjectId(5b31d5a660f5c07ba21c0b5c),f60f6f09c53c47e788ee0955bb7d5331,unit-1,line2,2LtrCooker,heat-treatment,,,,
ObjectId(5b31d5a760f5c07ba21c0b5d),f60f6f09c53c47e788ee0955bb7d5331,unit-1,line2,2LtrCooker,heat-treatment,,,,
ObjectId(5b31d5a860f5c07ba21c0b5e),f60f6f09c53c47e788ee0955bb7d5331,unit-1,line2,2LtrCooker,heat-treatment,,,,
ObjectId(5b31d5a960f5c07ba21c0b5f),f60f6f09c53c47e788ee0955bb7d5331,unit-1,line2,2LtrCooker,heat-treatment,,,,
ObjectId(5b31d5aa60f5c07ba21c0b60),f60f6f09c53c47e788ee0955bb7d5331,unit-1,line2,2LtrCooker,heat-treatment,,,,
ObjectId(5b31d5ab60f5c07ba21c0b61),f60f6f09c53c47e788ee0955bb7d5331,unit-1,line2,2LtrCooker,heat-treatment,,,,
ObjectId(5b31d5ab60f5c07ba21c0b62),f60f6f09c53c47e788ee0955bb7d5331,unit-1,line2,2LtrCooker,heat-treatment,,,,
ObjectId(5b31d5ac60f5c07ba21c0b63),f60f6f09c53c47e788ee0955bb7d5331,unit-1,line2,2LtrCooker,heat-treatment,,,,
ObjectId(5b31d5ad60f5c07ba21c0b64),f60f6f09c53c47e788ee0955bb7d5331,unit-1,line2,2LtrCooker,heat-treatment,,,,
ObjectId(5b31d5ae60f5c07ba21c0b65),f60f6f09c53c47e788ee0955bb7d5331,unit-1,line2,2LtrCooker,heat-treatment,,,,
ObjectId(5b31d5af60f5c07ba21c0b66),f60f6f09c53c47e788ee0955bb7d5331,unit-1,line2,2LtrCooker,heat-treatment,,,,
ObjectId(5b31d5af60f5c07ba21c0b67),f60f6f09c53c47e788ee0955bb7d5331,unit-1,line2,2LtrCooker,heat-treatment,,,,
ObjectId(5b31d5b060f5c07ba21c0b68),f60f6f09c53c47e788ee0955bb7d5331,unit-1,line2,2LtrCooker,heat-treatment,,,,
ObjectId(5b31d5b160f5c07ba21c0b69),f60f6f09c53c47e788ee0955bb7d5331,unit-1,line2,2LtrCooker,heat-treatment,,,,
ObjectId(5b31d5b260f5c07ba21c0b6a),f60f6f09c53c47e788ee0955bb7d5331,unit-1,line2,2LtrCooker,heat-treatment,,,,
ObjectId(5b31d5b360f5c07ba21c0b6b),f60f6f09c53c47e788ee0955bb7d5331,unit-1,line2,2LtrCooker,heat-treatment,,,,
ObjectId(5b31d5b360f5c07ba21c0b6c),f60f6f09c53c47e788ee0955bb7d5331,unit-1,line2,2LtrCooker,heat-treatment,,,,
ObjectId(5b31d5b460f5c07ba21c0b6d),f60f6f09c53c47e788ee0955bb7d5331,unit-1,line2,2LtrCooker,heat-treatment,,,,
ObjectId(5b31d5b560f5c07ba21c0b6e),f60f6f09c53c47e788ee0955bb7d5331,unit-1,line2,2LtrCooker,heat-treatment,,,,
ObjectId(5b31d5b660f5c07ba21c0b6f),f60f6f09c53c47e788ee0955bb7d5331,unit-1,line2,2LtrCooker,heat-treatment,,,,
ObjectId(5b31d5b760f5c07ba21c0b70),f60f6f09c53c47e788ee0955bb7d5331,unit-1,line2,2LtrCooker,heat-treatment,,,,
ObjectId(5b31d5b760f5c07ba21c0b71),f60f6f09c53c47e788ee0955bb7d5331,unit-1,line2,2LtrCooker,heat-treatment,,,,
ObjectId(5b31d5b860f5c07ba21c0b72),f60f6f09c53c47e788ee0955bb7d5331,unit-1,line2,2LtrCooker,heat-treatment,,,,
ObjectId(5b31d5b960f5c07ba21c0b73),f60f6f09c53c47e788ee0955bb7d5331,unit-1,line2,2LtrCooker,heat-treatment,,,,
ObjectId(5b31d5ba60f5c07ba21c0b74),f60f6f09c53c47e788ee0955bb7d5331,unit-1,line2,2LtrCooker,heat-treatment,,,,
ObjectId(5b31d5bb60f5c07ba21c0b75),f60f6f09c53c47e788ee0955bb7d5331,unit-1,line2,2LtrCooker,heat-treatment,,,,
ObjectId(5b31d5bb60f5c07ba21c0b76),f60f6f09c53c47e788ee0955bb7d5331,unit-1,line2,2LtrCooker,heat-treatment,,,,
ObjectId(5b31d5bc60f5c07ba21c0b77),f60f6f09c53c47e788ee0955bb7d5331,unit-1,line2,2LtrCooker,heat-treatment,,,,
ObjectId(5b31d5bd60f5c07ba21c0b78),f60f6f09c53c47e788ee0955bb7d5331,unit-1,line2,2LtrCooker,heat-treatment,,,,
ObjectId(5b31d5be60f5c07ba21c0b79),f60f6f09c53c47e788ee0955bb7d5331,unit-1,line2,2LtrCooker,heat-treatment,,,,
ObjectId(5b31d5bf60f5c07ba21c0b7a),f60f6f09c53c47e788ee0955bb7d5331,unit-1,line2,2LtrCooker,heat-treatment,,,,
ObjectId(5b31d5bf60f5c07ba21c0b7b),f60f6f09c53c47e788ee0955bb7d5331,unit-1,line2,2LtrCooker,heat-treatment,,,,
ObjectId(5b31d5c060f5c07ba21c0b7c),f60f6f09c53c47e788ee0955bb7d5331,unit-1,line2,2LtrCooker,heat-treatment,,,,
ObjectId(5b31d5c160f5c07ba21c0b7d),f60f6f09c53c47e788ee0955bb7d5331,unit-1,line2,2LtrCooker,heat-treatment,,,,
ObjectId(5b31d5c260f5c07ba21c0b7e),f60f6f09c53c47e788ee0955bb7d5331,unit-1,line2,2LtrCooker,heat-treatment,,,,
ObjectId(5b31d5c360f5c07ba21c0b7f),f60f6f09c53c47e788ee0955bb7d5331,unit-1,line2,2LtrCooker,heat-treatment,,,,
ObjectId(5b31d5c360f5c07ba21c0b80),f60f6f09c53c47e788ee0955bb7d5331,unit-1,line2,2LtrCooker,heat-treatment,,,,
ObjectId(5b31d5c460f5c07ba21c0b81),f60f6f09c53c47e788ee0955bb7d5331,unit-1,line2,2LtrCooker,heat-treatment,,,,
ObjectId(5b31d5c560f5c07ba21c0b82),f60f6f09c53c47e788ee0955bb7d5331,unit-1,line2,2LtrCooker,heat-treatment,,,,
ObjectId(5b31d5c660f5c07ba21c0b83),f60f6f09c53c47e788ee0955bb7d5331,unit-1,line2,2LtrCooker,heat-treatment,,,,
ObjectId(5b31d5c760f5c07ba21c0b84),f60f6f09c53c47e788ee0955bb7d5331,unit-1,line2,2LtrCooker,heat-treatment,,,,
ObjectId(5b31d5c760f5c07ba21c0b85),f60f6f09c53c47e788ee0955bb7d5331,unit-1,line2,2LtrCooker,heat-treatment,,,,
ObjectId(5b31d5c860f5c07ba21c0b86),f60f6f09c53c47e788ee0955bb7d5331,unit-1,line2,2LtrCooker,heat-treatment,,,,
ObjectId(5b31d5c960f5c07ba21c0b87),f60f6f09c53c47e788ee0955bb7d5331,unit-1,line2,2LtrCooker,heat-treatment,,,,
ObjectId(5b31d5ca60f5c07ba21c0b88),f60f6f09c53c47e788ee0955bb7d5331,unit-1,line2,2LtrCooker,heat-treatment,,,,
ObjectId(5b31d5cb60f5c07ba21c0b89),f60f6f09c53c47e788ee0955bb7d5331,unit-1,line2,2LtrCooker,heat-treatment,,,,
ObjectId(5b31d5cb60f5c07ba21c0b8a),f60f6f09c53c47e788ee0955bb7d5331,unit-1,line2,2LtrCooker,heat-treatment,,,,
ObjectId(5b31d5cc60f5c07ba21c0b8b),f60f6f09c53c47e788ee0955bb7d5331,unit-1,line2,2LtrCooker,heat-treatment,,,,
ObjectId(5b31d5cd60f5c07ba21c0b8c),f60f6f09c53c47e788ee0955bb7d5331,unit-1,line2,2LtrCooker,heat-treatment,,,,
ObjectId(5b31d5ce60f5c07ba21c0b8d),f60f6f09c53c47e788ee0955bb7d5331,unit-1,line2,2LtrCooker,heat-treatment,,,,
ObjectId(5b31d5cf60f5c07ba21c0b8e),f60f6f09c53c47e788ee0955bb7d5331,unit-1,line2,2LtrCooker,heat-treatment,,,,
ObjectId(5b31d5cf60f5c07ba21c0b8f),f60f6f09c53c47e788ee0955bb7d5331,unit-1,line2,2LtrCooker,heat-treatment,,,,
ObjectId(5b31d5d060f5c07ba21c0b90),f60f6f09c53c47e788ee0955bb7d5331,unit-1,line2,2LtrCooker,heat-treatment,,,,
ObjectId(5b31d5d160f5c07ba21c0b91),f60f6f09c53c47e788ee0955bb7d5331,unit-1,line2,2LtrCooker,heat-treatment,,,,
ObjectId(5b31d5d260f5c07ba21c0b92),f60f6f09c53c47e788ee0955bb7d5331,unit-1,line2,2LtrCooker,heat-treatment,,,,
ObjectId(5b31d5d360f5c07ba21c0b93),f60f6f09c53c47e788ee0955bb7d5331,unit-1,line2,2LtrCooker,heat-treatment,,,,
ObjectId(5b31d5d360f5c07ba21c0b94),f60f6f09c53c47e788ee0955bb7d5331,unit-1,line2,2LtrCooker,heat-treatment,,,,
ObjectId(5b31d5d460f5c07ba21c0b95),f60f6f09c53c47e788ee0955bb7d5331,unit-1,line2,2LtrCooker,heat-treatment,,,,
ObjectId(5b31d5d560f5c07ba21c0b96),f60f6f09c53c47e788ee0955bb7d5331,unit-1,line2,2LtrCooker,heat-treatment,,,,
ObjectId(5b31d5d660f5c07ba21c0b97),f60f6f09c53c47e788ee0955bb7d5331,unit-1,line2,2LtrCooker,heat-treatment,,,,
ObjectId(5b31d5d760f5c07ba21c0b98),f60f6f09c53c47e788ee0955bb7d5331,unit-1,line2,2LtrCooker,heat-treatment,,,,
ObjectId(5b31d5d860f5c07ba21c0b99),f60f6f09c53c47e788ee0955bb7d5331,unit-1,line2,2LtrCooker,heat-treatment,,,,
ObjectId(5b31d5d860f5c07ba21c0b9a),f60f6f09c53c47e788ee0955bb7d5331,unit-1,line2,2LtrCooker,heat-treatment,,,,
ObjectId(5b31d5d960f5c07ba21c0b9b),f60f6f09c53c47e788ee0955bb7d5331,unit-1,line2,2LtrCooker,heat-treatment,,,,
ObjectId(5b31d5da60f5c07ba21c0b9c),f60f6f09c53c47e788ee0955bb7d5331,unit-1,line2,2LtrCooker,heat-treatment,,,,
ObjectId(5b31d5db60f5c07ba21c0b9d),f60f6f09c53c47e788ee0955bb7d5331,unit-1,line2,2LtrCooker,heat-treatment,,,,
ObjectId(5b31d5db60f5c07ba21c0b9e),f60f6f09c53c47e788ee0955bb7d5331,unit-1,line2,2LtrCooker,heat-treatment,,,,
ObjectId(5b31d5dc60f5c07ba21c0b9f),f60f6f09c53c47e788ee0955bb7d5331,unit-1,line2,2LtrCooker,heat-treatment,,,,
ObjectId(5b31d5dd60f5c07ba21c0ba0),f60f6f09c53c47e788ee0955bb7d5331,unit-1,line2,2LtrCooker,heat-treatment,,,,
ObjectId(5b31d5de60f5c07ba21c0ba1),f60f6f09c53c47e788ee0955bb7d5331,unit-1,line2,2LtrCooker,heat-treatment,,,,
ObjectId(5b31d5df60f5c07ba21c0ba2),f60f6f09c53c47e788ee0955bb7d5331,unit-1,line2,2LtrCooker,heat-treatment,,,,
ObjectId(5b31d5df60f5c07ba21c0ba3),f60f6f09c53c47e788ee0955bb7d5331,unit-1,line2,2LtrCooker,heat-treatment,,,,
ObjectId(5b31d5e060f5c07ba21c0ba4),f60f6f09c53c47e788ee0955bb7d5331,unit-1,line2,2LtrCooker,heat-treatment,,,,
ObjectId(5b31d5e160f5c07ba21c0ba5),f60f6f09c53c47e788ee0955bb7d5331,unit-1,line2,2LtrCooker,heat-treatment,,,,
ObjectId(5b31d5e260f5c07ba21c0ba6),f60f6f09c53c47e788ee0955bb7d5331,unit-1,line2,2LtrCooker,heat-treatment,,,,
ObjectId(5b31d5e360f5c07ba21c0ba7),f60f6f09c53c47e788ee0955bb7d5331,unit-1,line2,2LtrCooker,heat-treatment,,,,
ObjectId(5b31d5e360f5c07ba21c0ba8),f60f6f09c53c47e788ee0955bb7d5331,unit-1,line2,2LtrCooker,heat-treatment,,,,
ObjectId(5b31d5e460f5c07ba21c0ba9),f60f6f09c53c47e788ee0955bb7d5331,unit-1,line2,2LtrCooker,heat-treatment,,,,
ObjectId(5b31d5e560f5c07ba21c0baa),f60f6f09c53c47e788ee0955bb7d5331,unit-1,line2,2LtrCooker,heat-treatment,,,,
ObjectId(5b31d5e660f5c07ba21c0bab),f60f6f09c53c47e788ee0955bb7d5331,unit-1,line2,2LtrCooker,heat-treatment,,,,
ObjectId(5b31d5e760f5c07ba21c0bac),f60f6f09c53c47e788ee0955bb7d5331,unit-1,line2,2LtrCooker,heat-treatment,,,,
ObjectId(5b31d5e760f5c07ba21c0bad),f60f6f09c53c47e788ee0955bb7d5331,unit-1,line2,2LtrCooker,heat-treatment,,,,
ObjectId(5b31d5e860f5c07ba21c0bae),f60f6f09c53c47e788ee0955bb7d5331,unit-1,line2,2LtrCooker,heat-treatment,,,,
ObjectId(5b31d5e960f5c07ba21c0baf),f60f6f09c53c47e788ee0955bb7d5331,unit-1,line2,2LtrCooker,heat-treatment,,,,
ObjectId(5b31d5ea60f5c07ba21c0bb0),f60f6f09c53c47e788ee0955bb7d5331,unit-1,line2,2LtrCooker,heat-treatment,,,,
ObjectId(5b31d5eb60f5c07ba21c0bb1),f60f6f09c53c47e788ee0955bb7d5331,unit-1,line2,2LtrCooker,heat-treatment,,,,
ObjectId(5b31d5eb60f5c07ba21c0bb2),f60f6f09c53c47e788ee0955bb7d5331,unit-1,line2,2LtrCooker,heat-treatment,,,,
ObjectId(5b31d5ec60f5c07ba21c0bb3),f60f6f09c53c47e788ee0955bb7d5331,unit-1,line2,2LtrCooker,heat-treatment,,,,
ObjectId(5b31d5ed60f5c07ba21c0bb4),f60f6f09c53c47e788ee0955bb7d5331,unit-1,line2,2LtrCooker,heat-treatment,,,,
ObjectId(5b31d5ee60f5c07ba21c0bb5),f60f6f09c53c47e788ee0955bb7d5331,unit-1,line2,2LtrCooker,heat-treatment,,,,
ObjectId(5b31d5ef60f5c07ba21c0bb6),f60f6f09c53c47e788ee0955bb7d5331,unit-1,line2,2LtrCooker,heat-treatment,,,,
ObjectId(5b31d5ef60f5c07ba21c0bb7),f60f6f09c53c47e788ee0955bb7d5331,unit-1,line2,2LtrCooker,heat-treatment,,,,
ObjectId(5b31d5f060f5c07ba21c0bb8),f60f6f09c53c47e788ee0955bb7d5331,unit-1,line2,2LtrCooker,heat-treatment,,,,
ObjectId(5b31d5f160f5c07ba21c0bb9),f60f6f09c53c47e788ee0955bb7d5331,unit-1,line2,2LtrCooker,heat-treatment,,,,
ObjectId(5b31d5f260f5c07ba21c0bba),f60f6f09c53c47e788ee0955bb7d5331,unit-1,line2,2LtrCooker,heat-treatment,,,,
ObjectId(5b31d5f360f5c07ba21c0bbb),f60f6f09c53c47e788ee0955bb7d5331,unit-1,line2,2LtrCooker,heat-treatment,,,,
ObjectId(5b31d5f360f5c07ba21c0bbc),f60f6f09c53c47e788ee0955bb7d5331,unit-1,line2,2LtrCooker,heat-treatment,,,,
ObjectId(5b31d5f460f5c07ba21c0bbd),f60f6f09c53c47e788ee0955bb7d5331,unit-1,line2,2LtrCooker,heat-treatment,,,,
ObjectId(5b31d5f560f5c07ba21c0bbe),f60f6f09c53c47e788ee0955bb7d5331,unit-1,line2,2LtrCooker,heat-treatment,,,,
ObjectId(5b31d5f660f5c07ba21c0bbf),f60f6f09c53c47e788ee0955bb7d5331,unit-1,line2,2LtrCooker,heat-treatment,,,,
ObjectId(5b31d5f760f5c07ba21c0bc0),f60f6f09c53c47e788ee0955bb7d5331,unit-1,line2,2LtrCooker,heat-treatment,,,,
ObjectId(5b31d5f760f5c07ba21c0bc1),f60f6f09c53c47e788ee0955bb7d5331,unit-1,line2,2LtrCooker,heat-treatment,,,,
ObjectId(5b31d5f860f5c07ba21c0bc2),f60f6f09c53c47e788ee0955bb7d5331,unit-1,line2,2LtrCooker,heat-treatment,,,,
ObjectId(5b31d5f960f5c07ba21c0bc3),f60f6f09c53c47e788ee0955bb7d5331,unit-1,line2,2LtrCooker,heat-treatment,,,,
ObjectId(5b31d5fa60f5c07ba21c0bc4),f60f6f09c53c47e788ee0955bb7d5331,unit-1,line2,2LtrCooker,heat-treatment,,,,
ObjectId(5b31d5fb60f5c07ba21c0bc5),f60f6f09c53c47e788ee0955bb7d5331,unit-1,line2,2LtrCooker,heat-treatment,,,,
ObjectId(5b31d5fb60f5c07ba21c0bc6),f60f6f09c53c47e788ee0955bb7d5331,unit-1,line2,2LtrCooker,heat-treatment,,,,
ObjectId(5b31d5fc60f5c07ba21c0bc7),f60f6f09c53c47e788ee0955bb7d5331,unit-1,line2,2LtrCooker,heat-treatment,,,,
ObjectId(5b31d5fd60f5c07ba21c0bc8),f60f6f09c53c47e788ee0955bb7d5331,unit-1,line2,2LtrCooker,heat-treatment,,,,
ObjectId(5b31d5fe60f5c07ba21c0bc9),f60f6f09c53c47e788ee0955bb7d5331,unit-1,line2,2LtrCooker,heat-treatment,,,,
ObjectId(5b31d5ff60f5c07ba21c0bca),f60f6f09c53c47e788ee0955bb7d5331,unit-1,line2,2LtrCooker,heat-treatment,,,,
ObjectId(5b31d5ff60f5c07ba21c0bcb),f60f6f09c53c47e788ee0955bb7d5331,unit-1,line2,2LtrCooker,heat-treatment,,,,
ObjectId(5b31d60060f5c07ba21c0bcc),f60f6f09c53c47e788ee0955bb7d5331,unit-1,line2,2LtrCooker,heat-treatment,,,,
ObjectId(5b31d60160f5c07ba21c0bcd),f60f6f09c53c47e788ee0955bb7d5331,unit-1,line2,2LtrCooker,heat-treatment,,,,
ObjectId(5b31d60260f5c07ba21c0bce),f60f6f09c53c47e788ee0955bb7d5331,unit-1,line2,2LtrCooker,heat-treatment,,,,
ObjectId(5b31d60360f5c07ba21c0bcf),f60f6f09c53c47e788ee0955bb7d5331,unit-1,line2,2LtrCooker,heat-treatment,,,,
ObjectId(5b31d60360f5c07ba21c0bd0),f60f6f09c53c47e788ee0955bb7d5331,unit-1,line2,2LtrCooker,heat-treatment,,,,
ObjectId(5b31d60460f5c07ba21c0bd1),f60f6f09c53c47e788ee0955bb7d5331,unit-1,line2,2LtrCooker,heat-treatment,,,,
ObjectId(5b31d60560f5c07ba21c0bd2),f60f6f09c53c47e788ee0955bb7d5331,unit-1,line2,2LtrCooker,heat-treatment,,,,
ObjectId(5b31d60660f5c07ba21c0bd3),f60f6f09c53c47e788ee0955bb7d5331,unit-1,line2,2LtrCooker,heat-treatment,,,,
ObjectId(5b31d60760f5c07ba21c0bd4),f60f6f09c53c47e788ee0955bb7d5331,unit-1,line2,2LtrCooker,heat-treatment,,,,
ObjectId(5b31d60860f5c07ba21c0bd5),f60f6f09c53c47e788ee0955bb7d5331,unit-1,line2,2LtrCooker,heat-treatment,,,,
ObjectId(5b31d60860f5c07ba21c0bd6),f60f6f09c53c47e788ee0955bb7d5331,unit-1,line2,2LtrCooker,heat-treatment,,,,
ObjectId(5b31d60960f5c07ba21c0bd7),f60f6f09c53c47e788ee0955bb7d5331,unit-1,line2,2LtrCooker,heat-treatment,,,,
ObjectId(5b31d60b60f5c07ba21c0bd8),f60f6f09c53c47e788ee0955bb7d5331,unit-1,line2,2LtrCooker,heat-treatment,,,,
ObjectId(5b31d60b60f5c07ba21c0bd9),f60f6f09c53c47e788ee0955bb7d5331,unit-1,line2,2LtrCooker,heat-treatment,,,,
ObjectId(5b31d60c60f5c07ba21c0bda),f60f6f09c53c47e788ee0955bb7d5331,unit-1,line2,2LtrCooker,heat-treatment,,,,
ObjectId(5b31d60c60f5c07ba21c0bdb),f60f6f09c53c47e788ee0955bb7d5331,unit-1,line2,2LtrCooker,heat-treatment,,,,
ObjectId(5b31d60d60f5c07ba21c0bdc),f60f6f09c53c47e788ee0955bb7d5331,unit-1,line2,2LtrCooker,heat-treatment,,,,
ObjectId(5b31d60e60f5c07ba21c0bdd),f60f6f09c53c47e788ee0955bb7d5331,unit-1,line2,2LtrCooker,heat-treatment,,,,
ObjectId(5b31d60f60f5c07ba21c0bde),f60f6f09c53c47e788ee0955bb7d5331,unit-1,line2,2LtrCooker,heat-treatment,,,,
ObjectId(5b31d61060f5c07ba21c0bdf),f60f6f09c53c47e788ee0955bb7d5331,unit-1,line2,2LtrCooker,heat-treatment,,,,
ObjectId(5b31d61060f5c07ba21c0be0),f60f6f09c53c47e788ee0955bb7d5331,unit-1,line2,2LtrCooker,heat-treatment,,,,
ObjectId(5b31d61160f5c07ba21c0be1),f60f6f09c53c47e788ee0955bb7d5331,unit-1,line2,2LtrCooker,heat-treatment,,,,
ObjectId(5b31d61260f5c07ba21c0be2),f60f6f09c53c47e788ee0955bb7d5331,unit-1,line2,2LtrCooker,heat-treatment,,,,
ObjectId(5b31d61360f5c07ba21c0be3),f60f6f09c53c47e788ee0955bb7d5331,unit-1,line2,2LtrCooker,heat-treatment,,,,
ObjectId(5b31d61460f5c07ba21c0be4),f60f6f09c53c47e788ee0955bb7d5331,unit-1,line2,2LtrCooker,heat-treatment,,,,
ObjectId(5b31d61460f5c07ba21c0be5),f60f6f09c53c47e788ee0955bb7d5331,unit-1,line2,2LtrCooker,heat-treatment,,,,
ObjectId(5b31d61560f5c07ba21c0be6),f60f6f09c53c47e788ee0955bb7d5331,unit-1,line2,2LtrCooker,heat-treatment,,,,
ObjectId(5b31d61660f5c07ba21c0be7),f60f6f09c53c47e788ee0955bb7d5331,unit-1,line2,2LtrCooker,heat-treatment,,,,
ObjectId(5b31d61760f5c07ba21c0be8),f60f6f09c53c47e788ee0955bb7d5331,unit-1,line2,2LtrCooker,heat-treatment,,,,
ObjectId(5b31d61860f5c07ba21c0be9),f60f6f09c53c47e788ee0955bb7d5331,unit-1,line2,2LtrCooker,heat-treatment,,,,
ObjectId(5b31d61860f5c07ba21c0bea),f60f6f09c53c47e788ee0955bb7d5331,unit-1,line2,2LtrCooker,heat-treatment,,,,
ObjectId(5b31d61960f5c07ba21c0beb),f60f6f09c53c47e788ee0955bb7d5331,unit-1,line2,2LtrCooker,heat-treatment,,,,
ObjectId(5b31d61a60f5c07ba21c0bec),f60f6f09c53c47e788ee0955bb7d5331,unit-1,line2,2LtrCooker,heat-treatment,,,,
ObjectId(5b31d61b60f5c07ba21c0bed),f60f6f09c53c47e788ee0955bb7d5331,unit-1,line2,2LtrCooker,heat-treatment,,,,
ObjectId(5b31d61c60f5c07ba21c0bee),f60f6f09c53c47e788ee0955bb7d5331,unit-1,line2,2LtrCooker,heat-treatment,,,,
ObjectId(5b31d61c60f5c07ba21c0bef),f60f6f09c53c47e788ee0955bb7d5331,unit-1,line2,2LtrCooker,heat-treatment,,,,
ObjectId(5b31d61d60f5c07ba21c0bf0),f60f6f09c53c47e788ee0955bb7d5331,unit-1,line2,2LtrCooker,heat-treatment,,,,
ObjectId(5b31d61e60f5c07ba21c0bf1),f60f6f09c53c47e788ee0955bb7d5331,unit-1,line2,2LtrCooker,heat-treatment,,,,
ObjectId(5b31d61f60f5c07ba21c0bf2),f60f6f09c53c47e788ee0955bb7d5331,unit-1,line2,2LtrCooker,heat-treatment,,,,
ObjectId(5b31d62060f5c07ba21c0bf3),f60f6f09c53c47e788ee0955bb7d5331,unit-1,line2,2LtrCooker,heat-treatment,,,,
ObjectId(5b31d62060f5c07ba21c0bf4),f60f6f09c53c47e788ee0955bb7d5331,unit-1,line2,2LtrCooker,heat-treatment,,,,
ObjectId(5b31d62160f5c07ba21c0bf5),f60f6f09c53c47e788ee0955bb7d5331,unit-1,line2,2LtrCooker,heat-treatment,,,,
ObjectId(5b31d62260f5c07ba21c0bf6),f60f6f09c53c47e788ee0955bb7d5331,unit-1,line2,2LtrCooker,heat-treatment,,,,
ObjectId(5b31d62360f5c07ba21c0bf7),f60f6f09c53c47e788ee0955bb7d5331,unit-1,line2,2LtrCooker,heat-treatment,,,,
ObjectId(5b31d62460f5c07ba21c0bf8),f60f6f09c53c47e788ee0955bb7d5331,unit-1,line2,2LtrCooker,heat-treatment,,,,
ObjectId(5b31d62460f5c07ba21c0bf9),f60f6f09c53c47e788ee0955bb7d5331,unit-1,line2,2LtrCooker,heat-treatment,,,,
ObjectId(5b31d62560f5c07ba21c0bfa),f60f6f09c53c47e788ee0955bb7d5331,unit-1,line2,2LtrCooker,heat-treatment,,,,
ObjectId(5b31d62660f5c07ba21c0bfb),f60f6f09c53c47e788ee0955bb7d5331,unit-1,line2,2LtrCooker,heat-treatment,,,,
ObjectId(5b31d62760f5c07ba21c0bfc),f60f6f09c53c47e788ee0955bb7d5331,unit-1,line2,2LtrCooker,heat-treatment,,,,
ObjectId(5b31d62860f5c07ba21c0bfd),f60f6f09c53c47e788ee0955bb7d5331,unit-1,line2,2LtrCooker,heat-treatment,,,,
ObjectId(5b31d62860f5c07ba21c0bfe),f60f6f09c53c47e788ee0955bb7d5331,unit-1,line2,2LtrCooker,heat-treatment,,,,
ObjectId(5b31d62960f5c07ba21c0bff),f60f6f09c53c47e788ee0955bb7d5331,unit-1,line2,2LtrCooker,heat-treatment,,,,
ObjectId(5b31d62a60f5c07ba21c0c00),f60f6f09c53c47e788ee0955bb7d5331,unit-1,line2,2LtrCooker,heat-treatment,,,,
ObjectId(5b31d62b60f5c07ba21c0c01),f60f6f09c53c47e788ee0955bb7d5331,unit-1,line2,2LtrCooker,heat-treatment,,,,
ObjectId(5b31d62c60f5c07ba21c0c02),f60f6f09c53c47e788ee0955bb7d5331,unit-1,line2,2LtrCooker,heat-treatment,,,,
ObjectId(5b31d62c60f5c07ba21c0c03),f60f6f09c53c47e788ee0955bb7d5331,unit-1,line2,2LtrCooker,heat-treatment,,,,
ObjectId(5b31d62d60f5c07ba21c0c04),f60f6f09c53c47e788ee0955bb7d5331,unit-1,line2,2LtrCooker,heat-treatment,,,,
ObjectId(5b31d62e60f5c07ba21c0c05),f60f6f09c53c47e788ee0955bb7d5331,unit-1,line2,2LtrCooker,heat-treatment,,,,
ObjectId(5b31d62f60f5c07ba21c0c06),f60f6f09c53c47e788ee0955bb7d5331,unit-1,line2,2LtrCooker,heat-treatment,,,,
ObjectId(5b31d63060f5c07ba21c0c07),f60f6f09c53c47e788ee0955bb7d5331,unit-1,line2,2LtrCooker,heat-treatment,,,,
ObjectId(5b31d63060f5c07ba21c0c08),f60f6f09c53c47e788ee0955bb7d5331,unit-1,line2,2LtrCooker,heat-treatment,,,,
ObjectId(5b31d63160f5c07ba21c0c09),f60f6f09c53c47e788ee0955bb7d5331,unit-1,line2,2LtrCooker,heat-treatment,,,,
ObjectId(5b31d63260f5c07ba21c0c0a),f60f6f09c53c47e788ee0955bb7d5331,unit-1,line2,2LtrCooker,heat-treatment,,,,
ObjectId(5b31d63360f5c07ba21c0c0b),f60f6f09c53c47e788ee0955bb7d5331,unit-1,line2,2LtrCooker,heat-treatment,,,,
ObjectId(5b31d63460f5c07ba21c0c0c),f60f6f09c53c47e788ee0955bb7d5331,unit-1,line2,2LtrCooker,heat-treatment,,,,
ObjectId(5b31d63560f5c07ba21c0c0d),f60f6f09c53c47e788ee0955bb7d5331,unit-1,line2,2LtrCooker,heat-treatment,,,,
ObjectId(5b31d63560f5c07ba21c0c0e),f60f6f09c53c47e788ee0955bb7d5331,unit-1,line2,2LtrCooker,heat-treatment,,,,
ObjectId(5b31d63660f5c07ba21c0c0f),f60f6f09c53c47e788ee0955bb7d5331,unit-1,line2,2LtrCooker,heat-treatment,,,,
ObjectId(5b31d63760f5c07ba21c0c10),f60f6f09c53c47e788ee0955bb7d5331,unit-1,line2,2LtrCooker,heat-treatment,,,,
ObjectId(5b31d63860f5c07ba21c0c11),f60f6f09c53c47e788ee0955bb7d5331,unit-1,line2,2LtrCooker,heat-treatment,,,,
ObjectId(5b31d63860f5c07ba21c0c12),f60f6f09c53c47e788ee0955bb7d5331,unit-1,line2,2LtrCooker,heat-treatment,,,,
ObjectId(5b31d63960f5c07ba21c0c13),f60f6f09c53c47e788ee0955bb7d5331,unit-1,line2,2LtrCooker,heat-treatment,,,,
ObjectId(5b31d63a60f5c07ba21c0c14),f60f6f09c53c47e788ee0955bb7d5331,unit-1,line2,2LtrCooker,heat-treatment,,,,
ObjectId(5b31d63b60f5c07ba21c0c15),f60f6f09c53c47e788ee0955bb7d5331,unit-1,line2,2LtrCooker,heat-treatment,,,,
ObjectId(5b31d63c60f5c07ba21c0c16),f60f6f09c53c47e788ee0955bb7d5331,unit-1,line2,2LtrCooker,heat-treatment,,,,
ObjectId(5b31d63d60f5c07ba21c0c17),f60f6f09c53c47e788ee0955bb7d5331,unit-1,line2,2LtrCooker,heat-treatment,,,,
ObjectId(5b31d63d60f5c07ba21c0c18),f60f6f09c53c47e788ee0955bb7d5331,unit-1,line2,2LtrCooker,heat-treatment,,,,
ObjectId(5b31d63e60f5c07ba21c0c19),f60f6f09c53c47e788ee0955bb7d5331,unit-1,line2,2LtrCooker,heat-treatment,,,,
ObjectId(5b31d63f60f5c07ba21c0c1a),f60f6f09c53c47e788ee0955bb7d5331,unit-1,line2,2LtrCooker,heat-treatment,,,,
ObjectId(5b31d64060f5c07ba21c0c1b),f60f6f09c53c47e788ee0955bb7d5331,unit-1,line2,2LtrCooker,heat-treatment,,,,
ObjectId(5b31d64060f5c07ba21c0c1c),f60f6f09c53c47e788ee0955bb7d5331,unit-1,line2,2LtrCooker,heat-treatment,,,,
ObjectId(5b31d64160f5c07ba21c0c1d),f60f6f09c53c47e788ee0955bb7d5331,unit-1,line2,2LtrCooker,heat-treatment,,,,
ObjectId(5b31d64260f5c07ba21c0c1e),f60f6f09c53c47e788ee0955bb7d5331,unit-1,line2,2LtrCooker,heat-treatment,,,,
ObjectId(5b31d64360f5c07ba21c0c1f),f60f6f09c53c47e788ee0955bb7d5331,unit-1,line2,2LtrCooker,heat-treatment,,,,
ObjectId(5b31d64460f5c07ba21c0c20),f60f6f09c53c47e788ee0955bb7d5331,unit-1,line2,2LtrCooker,heat-treatment,,,,
ObjectId(5b31d64460f5c07ba21c0c21),f60f6f09c53c47e788ee0955bb7d5331,unit-1,line2,2LtrCooker,heat-treatment,,,,
ObjectId(5b31d64560f5c07ba21c0c22),f60f6f09c53c47e788ee0955bb7d5331,unit-1,line2,2LtrCooker,heat-treatment,,,,
ObjectId(5b31d64660f5c07ba21c0c23),f60f6f09c53c47e788ee0955bb7d5331,unit-1,line2,2LtrCooker,heat-treatment,,,,
ObjectId(5b31d64760f5c07ba21c0c24),f60f6f09c53c47e788ee0955bb7d5331,unit-1,line2,2LtrCooker,heat-treatment,,,,
ObjectId(5b31d64860f5c07ba21c0c25),f60f6f09c53c47e788ee0955bb7d5331,unit-1,line2,2LtrCooker,heat-treatment,,,,
ObjectId(5b31d64860f5c07ba21c0c26),f60f6f09c53c47e788ee0955bb7d5331,unit-1,line2,2LtrCooker,heat-treatment,,,,
ObjectId(5b31d64960f5c07ba21c0c27),f60f6f09c53c47e788ee0955bb7d5331,unit-1,line2,2LtrCooker,heat-treatment,,,,
ObjectId(5b31d64a60f5c07ba21c0c28),f60f6f09c53c47e788ee0955bb7d5331,unit-1,line2,2LtrCooker,heat-treatment,,,,
ObjectId(5b31d64b60f5c07ba21c0c29),f60f6f09c53c47e788ee0955bb7d5331,unit-1,line2,2LtrCooker,heat-treatment,,,,
ObjectId(5b31d64c60f5c07ba21c0c2a),f60f6f09c53c47e788ee0955bb7d5331,unit-1,line2,2LtrCooker,heat-treatment,,,,
ObjectId(5b31d64c60f5c07ba21c0c2b),f60f6f09c53c47e788ee0955bb7d5331,unit-1,line2,2LtrCooker,heat-treatment,,,,
ObjectId(5b31d64d60f5c07ba21c0c2c),f60f6f09c53c47e788ee0955bb7d5331,unit-1,line2,2LtrCooker,heat-treatment,,,,
ObjectId(5b31d64e60f5c07ba21c0c2d),f60f6f09c53c47e788ee0955bb7d5331,unit-1,line2,2LtrCooker,heat-treatment,,,,
ObjectId(5b31d64f60f5c07ba21c0c2e),f60f6f09c53c47e788ee0955bb7d5331,unit-1,line2,2LtrCooker,heat-treatment,,,,
ObjectId(5b31d65060f5c07ba21c0c2f),f60f6f09c53c47e788ee0955bb7d5331,unit-1,line2,2LtrCooker,heat-treatment,,,,
ObjectId(5b31d65060f5c07ba21c0c30),f60f6f09c53c47e788ee0955bb7d5331,unit-1,line2,2LtrCooker,heat-treatment,,,,
ObjectId(5b31d65160f5c07ba21c0c31),f60f6f09c53c47e788ee0955bb7d5331,unit-1,line2,2LtrCooker,heat-treatment,,,,
ObjectId(5b31d6e9a23b8a7d3a5b5c27),UNIT-1,LINE-1,MODEL-1,OPERATION-1,PARA-1=10,,,,
ObjectId(5b31d6f5a23b8a7d3a5b5c28),UNIT-1,LINE-1,MODEL-1,OPERATION-1,PARA-1=10,,,,
ObjectId(5b31d702a23b8a7d3a5b5c29),UNIT-1,LINE-1,MODEL-1,OPERATION-1,PARA-1=10,,,,
ObjectId(5b31d711a23b8a7d3a5b5c2a),UNIT-1,LINE-1,MODEL-1,OPERATION-1,PARA-1=10,,,,
ObjectId(5b31d721a23b8a7d3a5b5c2b),UNIT-1,LINE-1,MODEL-1,OPERATION-1,PARA-1=10,,,,
ObjectId(5b31d820a23b8a7d3a5b5c2c),UNIT-1,LINE-1,MODEL-1,OPERATION-1,PARA-1=10,,,,
ObjectId(5b31d82aa23b8a7d3a5b5c2d),UNIT-1,LINE-1,MODEL-1,OPERATION-1,PARA-1=10,,,,
ObjectId(5b31d840a23b8a7d3a5b5c2e),UNIT-1,LINE-1,MODEL-1,OPERATION-1,PARA-1=10,,,,
